﻿<?xml version="1.0" encoding="utf-8"?>
<Order>
  <Order>
    <HostingUnitKey>10000005</HostingUnitKey>
    <GuestRequestKey>10000008</GuestRequestKey>
    <OrderKey>10000001</OrderKey>
    <Status>SentEmail</Status>
    <CreateDate>2020-02-07T00:00:00</CreateDate>
    <OrderDate>2020-02-07T00:00:00</OrderDate>
    <OrderFee>0</OrderFee>
  </Order>
  <Order>
    <HostingUnitKey>10000006</HostingUnitKey>
    <GuestRequestKey>10000008</GuestRequestKey>
    <OrderKey>10000000</OrderKey>
    <Status>SentEmail</Status>
    <CreateDate>2020-02-07T00:00:00</CreateDate>
    <OrderDate>2020-02-07T00:00:00</OrderDate>
    <OrderFee>0</OrderFee>
  </Order>
  <Order>
    <HostingUnitKey>10000006</HostingUnitKey>
    <GuestRequestKey>10000008</GuestRequestKey>
    <OrderKey>10000002</OrderKey>
    <Status>SentEmail</Status>
    <CreateDate>2020-02-07T00:00:00</CreateDate>
    <OrderDate>2020-02-07T00:00:00</OrderDate>
    <OrderFee>0</OrderFee>
  </Order>
  <Order>
    <HostingUnitKey>10000009</HostingUnitKey>
    <GuestRequestKey>10000002</GuestRequestKey>
    <OrderKey>10000003</OrderKey>
    <Status>SentEmail</Status>
    <CreateDate>2020-02-08T00:00:00</CreateDate>
    <OrderDate>2020-02-08T00:00:00</OrderDate>
    <OrderFee>0</OrderFee>
  </Order>
  <Order>
    <HostingUnitKey>10000004</HostingUnitKey>
    <GuestRequestKey>10000010</GuestRequestKey>
    <OrderKey>10000004</OrderKey>
    <Status>ClosedForCustomerResponse</Status>
    <CreateDate>2020-02-09T00:00:00</CreateDate>
    <OrderDate>2020-02-09T00:00:00</OrderDate>
    <OrderFee>70</OrderFee>
  </Order>
  <Order>
    <HostingUnitKey>10000005</HostingUnitKey>
    <GuestRequestKey>10000008</GuestRequestKey>
    <OrderKey>10000005</OrderKey>
    <Status>SentEmail</Status>
    <CreateDate>2020-02-10T00:00:00</CreateDate>
    <OrderDate>2020-02-10T00:00:00</OrderDate>
    <OrderFee>0</OrderFee>
  </Order>
</Order>