﻿<?xml version="1.0" encoding="utf-8"?>
<Order>
  <Order>
    <HostingUnitKey>10000005</HostingUnitKey>
    <GuestRequestKey>10000008</GuestRequestKey>
    <OrderKey>10000001</OrderKey>
    <Status>SentEmail</Status>
    <CreateDate>2020-02-07T00:00:00</CreateDate>
    <OrderDate>2020-02-07T00:00:00</OrderDate>
    <OrderFee>0</OrderFee>
  </Order>
  <Order>
    <HostingUnitKey>10000006</HostingUnitKey>
    <GuestRequestKey>10000008</GuestRequestKey>
    <OrderKey>10000000</OrderKey>
    <Status>SentEmail</Status>
    <CreateDate>2020-02-07T00:00:00</CreateDate>
    <OrderDate>2020-02-07T00:00:00</OrderDate>
    <OrderFee>0</OrderFee>
  </Order>
  <Order>
    <HostingUnitKey>10000006</HostingUnitKey>
    <GuestRequestKey>10000008</GuestRequestKey>
    <OrderKey>10000002</OrderKey>
    <Status>SentEmail</Status>
    <CreateDate>2020-02-07T00:00:00</CreateDate>
    <OrderDate>2020-02-07T00:00:00</OrderDate>
    <OrderFee>0</OrderFee>
  </Order>
</Order>