﻿<?xml version="1.0" encoding="utf-8"?>
<GuestRequests>
  <GuestRequest>
    <GuestRequestKey>10000000</GuestRequestKey>
    <PrivateName>הדר</PrivateName>
    <FamilyName>סופיוב</FamilyName>
    <MailAddress>Hadar45@gamil.com</MailAddress>
    <Status>true</Status>
    <RegistrationDate>2020-01-29T00:00:00</RegistrationDate>
    <EntryDate>2020-01-29T00:00:00</EntryDate>
    <ReleaseDate>2020-02-06T00:00:00</ReleaseDate>
    <Area>Central</Area>
    <SubArea>Tel-Aviv</SubArea>
    <Type>HotelRoom</Type>
    <Adults>2</Adults>
    <Children>4</Children>
    <Pool>possible</Pool>
    <Jacuzzi>Necessary</Jacuzzi>
    <Garden>NotInterested</Garden>
    <ChildrensAttractions>possible</ChildrensAttractions>
    <UserName>kkk</UserName>
    <Password>1234</Password>
  </GuestRequest>
  <GuestRequest>
    <GuestRequestKey>10000001</GuestRequestKey>
    <PrivateName>אפרת</PrivateName>
    <FamilyName>אנקונינה</FamilyName>
    <MailAddress>10000001</MailAddress>
    <Status>false</Status>
    <RegistrationDate>2020-01-30T00:00:00</RegistrationDate>
    <EntryDate>2020-01-31T00:00:00</EntryDate>
    <ReleaseDate>2020-02-07T00:00:00</ReleaseDate>
    <Area>Jerusalem</Area>
    <SubArea>באר שבע</SubArea>
    <Type>HotelRoom</Type>
    <Adults>2</Adults>
    <Children>3</Children>
    <Pool>NotInterested</Pool>
    <Jacuzzi>possible</Jacuzzi>
    <Garden>Necessary</Garden>
    <ChildrensAttractions>possible</ChildrensAttractions>
    <UserName>EA37</UserName>
    <Password>1234</Password>
  </GuestRequest>
  <GuestRequest>
    <GuestRequestKey>10000002</GuestRequestKey>
    <PrivateName>אפרת</PrivateName>
    <FamilyName>אנקונינה</FamilyName>
    <MailAddress>10000001</MailAddress>
    <Status>false</Status>
    <RegistrationDate>2020-01-31T00:00:00</RegistrationDate>
    <EntryDate>2020-01-31T00:00:00</EntryDate>
    <ReleaseDate>2020-03-01T00:00:00</ReleaseDate>
    <Area>North</Area>
    <SubArea>עמק יזראל</SubArea>
    <Type>Zimmer</Type>
    <Adults>2</Adults>
    <Children>3</Children>
    <Pool>Necessary</Pool>
    <Jacuzzi>possible</Jacuzzi>
    <Garden>Necessary</Garden>
    <ChildrensAttractions>possible</ChildrensAttractions>
    <UserName>EA37</UserName>
    <Password>1234</Password>
  </GuestRequest>
</GuestRequests>